uid,mandal,district,vci
TSSD0001,Abdullapurmet,Rangareddy,44.72999662863246
TSSD0002,Achampet,Nagarkurnool,45.98939203001047
TSSD0003,Adavidevulapally,Nalgonda,44.1681018039697
TSSD0004,Addagudur,Yadadri Bhuvanagiri,45.125828445050914
TSSD0005,Addakal,Mahabubnagar,41.493668592228
TSSD0006,Adilabad Rural,Adilabad,49.32493741817648
TSSD0007,Adilabad Urban,Adilabad,51.00006829899537
TSSD0008,Aiza,Jogulamba Gadwal,49.63735663843799
TSSD0009,Akkannapet,Siddipet,46.94495705957452
TSSD0010,Alair,Yadadri Bhuvanagiri,42.155205455770435
TSSD0011,Alampur,Jogulamba Gadwal,73.29749331653194
TSSD0012,Alladurg,Medak,46.165644097289814
TSSD0013,Allapalli,Bhadradri Kothagudem,57.438227275708456
TSSD0014,Alwal,Medchal_Malkajgiri,46.60833032182831
TSSD0015,Amangal,Rangareddy,44.02755060896177
TSSD0016,Amarchintha,Wanaparthy,45.52983956286941
TSSD0017,Amberpet,Hyderabad,35.50120234808071
TSSD0018,Ammerpet,Hyderabad,56.337280416139066
TSSD0019,Amrabad,Nagarkurnool,58.570380926748655
TSSD0020,Ananthagiri,Suryapet,41.30050789275056
TSSD0021,Andole,Sangareddy,40.24621348035229
TSSD0022,Annapureddipalle,Bhadradri Kothagudem,49.96101382742657
TSSD0023,Anumula_Haliya,Nalgonda,40.59987034917666
TSSD0024,Armoor,Nizamabad,43.230627718197205
TSSD0025,Asifabad,Kumurambheem Asifabad,46.16973955732004
TSSD0026,Asifnagar,Hyderabad,47.684388208882936
TSSD0027,Aswapuram,Bhadradri Kothagudem,52.05572329778211
TSSD0028,Aswaraopeta,Bhadradri Kothagudem,47.141307165820216
TSSD0029,Athmakur (M),Yadadri Bhuvanagiri,42.36132949844716
TSSD0030,Atmakur,Wanaparthy,40.55886839588869
TSSD0031,Atmakur,Warangal_Rural,59.7042362005244
TSSD0032,Atmakur_S,Suryapet,45.48122479102585
TSSD0033,B.Pochampally,Yadadri Bhuvanagiri,42.703130649384846
TSSD0034,Bachannapet,Jangoan,46.1343576539344
TSSD0035,Bachupally,Medchal_Malkajgiri,46.11332921226381
TSSD0036,Bahadurpura,Hyderabad,59.124574333117934
TSSD0037,Balanagar,Mahabubnagar,39.3908166101704
TSSD0038,Balanagar,Medchal_Malkajgiri,53.25817672514599
TSSD0039,Balapur,Rangareddy,41.70451192051271
TSSD0040,Balkonda,Nizamabad,41.84826091907602
TSSD0041,Balmoor,Nagarkurnool,41.34227660514472
TSSD0042,Bandlaguda,Hyderabad,43.92275209730924
TSSD0043,Banswada,Kamareddy,46.22777101211055
TSSD0044,Bantwaram,Vikarabad,37.36911379717945
TSSD0045,Basar,Nirmal,42.564480170953736
TSSD0046,Basheerabad,Vikarabad,47.78324954931498
TSSD0047,Bayyaram,Mahabubabad,50.394440060493906
TSSD0048,Bazarhathnoor,Adilabad,49.54596853090592
TSSD0049,Beerpur,Jagtial,58.43955071800824
TSSD0050,Bejjanki,Siddipet,43.93131343851497
TSSD0051,Bejjur,Kumurambheem Asifabad,52.95758619908825
TSSD0052,Bela,Adilabad,52.589507279917015
TSSD0053,Bellampalle,Mancherial,59.774638807888685
TSSD0054,Bhadrachalam,Bhadradri Kothagudem,61.11335111657018
TSSD0055,Bhainsa,Nirmal,48.734436613081954
TSSD0056,Bheemadevarapalli,Warangal_Urban,47.79741780499898
TSSD0057,Bheemaram,Mancherial,47.689611413766286
TSSD0058,Bheemgal,Nizamabad,48.0312697786761
TSSD0059,Bheemini,Mancherial,53.21263238381791
TSSD0060,Bheempoor,Adilabad,47.787869184147745
TSSD0061,Bhiknoor,Kamareddy,39.43093447661115
TSSD0062,Bhongiri,Yadadri Bhuvanagiri,41.25368516848239
TSSD0063,Bhoothpur,Mahabubnagar,34.251700855998
TSSD0064,Bhupalpally,Jayashankar Bhupalpally,47.17231937116976
TSSD0065,Bibinagar,Yadadri Bhuvanagiri,44.92012029133201
TSSD0066,Bibipet,Kamareddy,40.33218724586211
TSSD0067,Bijinapalle,Nagarkurnool,39.723583335066344
TSSD0068,Boath,Adilabad,51.311522347668415
TSSD0069,Bodhan,Nizamabad,47.00211878180077
TSSD0070,Boinpalli,Rajanna Sircilla,43.796052880372656
TSSD0071,Bommalaramaram,Yadadri Bhuvanagiri,41.03098399038297
TSSD0072,Bommaraspeta,Vikarabad,46.69940508946484
TSSD0073,Bonakal,Khammam,47.08971032799021
TSSD0074,Buggaram,Jagtial,46.339852786544625
TSSD0075,Burgampadu,Bhadradri Kothagudem,40.425202048408636
TSSD0076,Chandampet,Nalgonda,40.63558935880519
TSSD0077,Chandrugonda,Bhadradri Kothagudem,39.87502125263939
TSSD0078,Chandur,Nalgonda,43.1661572795804
TSSD0079,Charakonda,Nagarkurnool,42.601590641376355
TSSD0080,Charminar,Hyderabad,36.0337573256872
TSSD0081,Chendurthi,Rajanna Sircilla,47.829357850180436
TSSD0082,Chennaraopet,Warangal_Rural,48.48187195891175
TSSD0083,Chennur,Mancherial,44.042301200602495
TSSD0084,Cherial,Siddipet,42.92032149238284
TSSD0085,Cherla,Bhadradri Kothagudem,49.872110294080635
TSSD0086,Chevella,Rangareddy,32.46840682824373
TSSD0087,Chigurumamidi,Karimnagar,44.33092339506574
TSSD0088,Chilkur,Suryapet,44.41044822607872
TSSD0089,Chilpur,Jangoan,41.589246070630196
TSSD0090,Chinna Chinta Kunta,Mahabubnagar,40.37214853200433
TSSD0091,Chinnagudur,Mahabubabad,43.13850118743942
TSSD0092,Chinnakodur,Siddipet,41.37274926516442
TSSD0093,Chinnambavi,Wanaparthy,69.37106576821853
TSSD0094,Chintakani,Khammam,53.305522725031594
TSSD0095,Chintalamanepally,Kumurambheem Asifabad,43.0008285548216
TSSD0096,Chinthala palem,Suryapet,45.3807928878074
TSSD0097,Chinthapally,Nalgonda,42.50701571241779
TSSD0098,Chityal,Jayashankar Bhupalpally,46.818018995575024
TSSD0099,Chityal,Nalgonda,43.80716947398357
TSSD0100,Chivvemla,Suryapet,43.88304010085952
TSSD0101,Choppadandi,Karimnagar,47.856886938456235
TSSD0102,Choutuppal,Yadadri Bhuvanagiri,37.57970105418934
TSSD0103,Chowdergudem,Rangareddy,46.63819856491515
TSSD0104,Chunchupally,Bhadradri Kothagudem,51.50554327414314
TSSD0105,Dahegaon,Kumurambheem Asifabad,52.406975590052205
TSSD0106,Damaracherla,Nalgonda,42.86760477817793
TSSD0107,Damargidda,Narayanpet,40.6666245251298
TSSD0108,Damera,Warangal_Rural,56.63129767292145
TSSD0109,Dammapeta,Bhadradri Kothagudem,55.44488021408862
TSSD0110,Dandepalle,Mancherial,54.42555944265144
TSSD0111,Danthalapalle,Mahabubabad,48.52060939591426
TSSD0112,Dasturabad,Nirmal,51.33718525026305
TSSD0113,Devarakonda,Nalgonda,38.52594823346084
TSSD0114,Devarkadra,Mahabubnagar,42.622126080684964
TSSD0115,Devaruppula,Jangoan,46.327923013282394
TSSD0116,Dhanwada,Narayanpet,42.110718835916444
TSSD0117,Dharmapuri,Jagtial,53.29879695328777
TSSD0118,Dharmaram,Peddapalli,48.24420134810592
TSSD0119,Dharmasagar,Warangal_Urban,44.87316923662032
TSSD0120,Dharoor,Jogulamba Gadwal,39.25303873020601
TSSD0121,Dharoor,Vikarabad,47.506494998786415
TSSD0122,Dharpally,Nizamabad,48.348217483990055
TSSD0123,Dichpally,Nizamabad,50.06774813955351
TSSD0124,Dilawarpur,Nirmal,55.29078892525781
TSSD0125,Doma,Vikarabad,44.09970367262309
TSSD0126,Dornakal,Mahabubabad,51.562081203654344
TSSD0127,Doulthabad,Vikarabad,48.68342272756006
TSSD0128,Dubbak,Siddipet,37.4526996174623
TSSD0129,Duggondi,Warangal_Rural,56.542298039028076
TSSD0130,Dummugudem,Bhadradri Kothagudem,49.70447800749126
TSSD0131,Dundigal Gandimaisamma,Medchal_Malkajgiri,39.05036935364612
TSSD0132,Eligaid,Peddapalli,43.62846445525642
TSSD0133,Elkathurthi,Warangal_Urban,48.625339299307605
TSSD0134,Ellandakunta,Karimnagar,50.34150199653049
TSSD0135,Enkoor,Khammam,42.041643702087676
TSSD0136,Eturnagaram,Mulugu,59.27104137785571
TSSD0137,Farooqnagar,Rangareddy,39.21771668919256
TSSD0138,Gadiguda,Adilabad,48.19650997359495
TSSD0139,Gadwal,Jogulamba Gadwal,44.13820248104714
TSSD0140,Gajwel,Siddipet,42.969345612257946
TSSD0141,Gambhiraopet,Rajanna Sircilla,41.483570414328234
TSSD0142,Gandeed,Mahabubnagar,44.99327331041106
TSSD0143,Gandhari,Kamareddy,40.71866480699437
TSSD0144,Gandipet,Rangareddy,43.29159426525848
TSSD0145,Gangadhara,Karimnagar,44.397737918023246
TSSD0146,Gangaram,Mahabubabad,57.36199578189045
TSSD0147,Ganneruvaram,Karimnagar,48.480158313511026
TSSD0148,Garidepalli,Suryapet,46.33868440543942
TSSD0149,Garla,Mahabubabad,39.170679625935406
TSSD0150,Geesugonda,Warangal_Rural,52.354287268806964
TSSD0151,Ghanapur_Mulug,Jayashankar Bhupalpally,37.51328349559701
TSSD0152,Ghanpur,Wanaparthy,38.311003796244435
TSSD0153,Ghanpur (Stn),Jangoan,41.84234248620618
TSSD0154,Ghatkesar,Medchal_Malkajgiri,41.57066814696299
TSSD0155,Ghattu,Jogulamba Gadwal,47.46440656985899
TSSD0156,Golkonda,Hyderabad,39.555140114362814
TSSD0157,Gollapalli,Jagtial,41.01185442335828
TSSD0158,Gopalpet,Wanaparthy,39.528425319798195
TSSD0159,Govindaraopet,Mulugu,43.67077775799471
TSSD0160,Gudihathnur,Adilabad,52.01090968221462
TSSD0161,Gudur,Mahabubabad,46.042789053173394
TSSD0162,Gummadidala,Sangareddy,43.88634141999778
TSSD0163,Gundala,Bhadradri Kothagudem,51.30654211978736
TSSD0164,Gundala,Yadadri Bhuvanagiri,44.041230429691446
TSSD0165,Gundlapally,Nalgonda,45.587929223755005
TSSD0166,Gurrampode,Nalgonda,45.421871374757856
TSSD0167,Hajipur,Mancherial,40.75929252243746
TSSD0168,Hanamkonda,Warangal_Urban,42.6760995100505
TSSD0169,Hanwada,Mahabubnagar,38.26636869402447
TSSD0170,Hasanparthy,Warangal_Urban,44.39702821448652
TSSD0171,Hathnoora,Sangareddy,45.04291288783528
TSSD0172,Havelighanpur,Medak,43.280453888349186
TSSD0173,Hayathnagar,Rangareddy,41.990468427569105
TSSD0174,Himayatnagar,Hyderabad,44.77487487616061
TSSD0175,Husnabad,Siddipet,46.756895973337755
TSSD0176,Huzur nagar,Suryapet,45.72123220125933
TSSD0177,Huzurabad,Karimnagar,48.3873410746603
TSSD0178,Ibrahimpatnam,Jagtial,60.02254115468123
TSSD0179,Ibrahimpatnam,Rangareddy,43.43788241667566
TSSD0180,Ichoda,Adilabad,48.761757266064926
TSSD0181,Illanthakunta,Rajanna Sircilla,44.06101123112686
TSSD0182,Inavolu,Warangal_Urban,46.79873834951095
TSSD0183,Indalwai,Nizamabad,47.03315581654162
TSSD0184,Inderavelly,Adilabad,48.091053538654684
TSSD0185,Itikyal,Jogulamba Gadwal,49.85617004532146
TSSD0186,Jadcherla,Mahabubnagar,36.89136283014704
TSSD0187,Jagdevpur,Siddipet,37.909202657786686
TSSD0188,Jagityal_Rural,Jagtial,45.831571623864015
TSSD0189,Jagtial,Jagtial,44.04216604114488
TSSD0190,Jainad,Adilabad,51.79709898566969
TSSD0191,Jainoor,Kumurambheem Asifabad,46.29076603006519
TSSD0192,Jaipur,Mancherial,51.36900540148713
TSSD0193,Jajireddigudem,Suryapet,45.986993514546285
TSSD0194,Jakranpally,Nizamabad,48.79411810165184
TSSD0195,Jammikunta,Karimnagar,52.313301493209366
TSSD0196,Jangoan,Jangoan,44.0428598800127
TSSD0197,Jannaram,Mancherial,55.43929224772965
TSSD0198,Jharasangam,Sangareddy,43.31108526870506
TSSD0199,Jukkal,Kamareddy,43.00843906124077
TSSD0200,Julapalli,Peddapalli,47.36993324373684
TSSD0201,Julurupad,Bhadradri Kothagudem,41.793957615594806
TSSD0202,Kaddampeddur,Nirmal,55.353746338148014
TSSD0203,Kadthal,Rangareddy,48.887696539889355
TSSD0204,Kagaznagar,Kumurambheem Asifabad,47.74462281728731
TSSD0205,Kalher,Sangareddy,37.54735458511505
TSSD0206,Kalluru,Khammam,42.27291438570215
TSSD0207,Kaloor_Thimmandoddi,Jogulamba Gadwal,41.97778589022561
TSSD0208,Kalwakurthy,Nagarkurnool,46.460231693739836
TSSD0209,Kamalapur,Warangal_Urban,49.73674823111939
TSSD0210,Kamanpur,Peddapalli,55.63843261233503
TSSD0211,Kamareddy,Kamareddy,37.8657263885407
TSSD0212,Kamepally,Khammam,55.165962406961775
TSSD0213,Kanagal,Nalgonda,45.81025264598715
TSSD0214,Kandi,Sangareddy,37.00496841445839
TSSD0215,Kandukur,Rangareddy,39.081311425202024
TSSD0216,Kangti,Sangareddy,41.06733735493025
TSSD0217,Kannaigudem,Mulugu,70.49015505477215
TSSD0218,Kannepalli,Mancherial,52.22969318737966
TSSD0219,Kapra,Medchal_Malkajgiri,43.61383493538034
TSSD0220,Karakagudem,Bhadradri Kothagudem,43.8742735404217
TSSD0221,Karimnagar,Karimnagar,48.25068444584068
TSSD0222,Karimnagar_Rural,Karimnagar,42.013935747443696
TSSD0223,Kasipet,Mancherial,57.684821664186245
TSSD0224,Kataram,Jayashankar Bhupalpally,49.15202766545948
TSSD0225,Kathlapur,Jagtial,48.67516481832008
TSSD0226,Kattangur,Nalgonda,46.3173881197412
TSSD0227,Keesara,Medchal_Malkajgiri,39.72151407408206
TSSD0228,Kerameri,Kumurambheem Asifabad,48.64992758940255
TSSD0229,Kesamudram,Mahabubabad,47.27202051328747
TSSD0230,Keshampeta,Rangareddy,40.34334825876178
TSSD0231,Kethepally,Nalgonda,44.90232725744901
TSSD0232,Khaazipet,Warangal_Urban,42.65326768194901
TSSD0233,Khairatabad,Hyderabad,46.98743095047566
TSSD0234,Khammam_Rural,Khammam,46.17319207749356
TSSD0235,Khammam_Urban,Khammam,46.10456929790451
TSSD0236,Khanapur,Nirmal,40.960683222606015
TSSD0237,Khanapur,Warangal_Rural,35.337723397844705
TSSD0238,Khila Warangal,Warangal_Urban,44.85456491193821
TSSD0239,Kodad,Suryapet,43.6350768132741
TSSD0240,Kodair,Nagarkurnool,43.422718519562025
TSSD0241,Kodangal,Vikarabad,50.20545128898307
TSSD0242,Kodimial,Jagtial,48.61630917066669
TSSD0243,Koheda,Siddipet,47.32449570022572
TSSD0244,Kohir,Sangareddy,42.804373281326065
TSSD0245,Koilkonda,Mahabubnagar,43.64936709890864
TSSD0246,Kollapur,Nagarkurnool,49.45904647436946
TSSD0247,Komuravelli,Siddipet,41.3101253823295
TSSD0248,Konaraopet,Rajanna Sircilla,46.40673026440511
TSSD0249,Kondamallapally,Nalgonda,42.06652436860964
TSSD0250,Kondapak,Siddipet,41.85364863063393
TSSD0251,Kondapur,Sangareddy,36.62862780690409
TSSD0252,Kondurg,Rangareddy,49.82601832281347
TSSD0253,Konijerla,Khammam,49.17864723104967
TSSD0254,Korutla,Jagtial,44.353423565618584
TSSD0255,Kosgi,Narayanpet,39.37403272881351
TSSD0256,Kotagiri,Nizamabad,45.1896819530079
TSSD0257,Kotepally,Vikarabad,48.21187335040397
TSSD0258,Kothaguda,Mahabubabad,50.86270672886677
TSSD0259,Kothagudem,Bhadradri Kothagudem,43.12755857281396
TSSD0260,Kothakota,Wanaparthy,42.27419044379064
TSSD0261,Kothapally,Karimnagar,41.867717713915106
TSSD0262,Kothur,Rangareddy,37.662027783667284
TSSD0263,Kouthala,Kumurambheem Asifabad,42.98831610923052
TSSD0264,Kowdipally,Medak,37.99959132939828
TSSD0265,Kubeer,Nirmal,52.55669572192321
TSSD0266,Kukatpally,Medchal_Malkajgiri,43.77696008203461
TSSD0267,Kulcharam,Medak,44.30007270208503
TSSD0268,Kulkacharla,Vikarabad,51.17374738925362
TSSD0269,Kuntala,Nirmal,56.71462693065913
TSSD0270,Kuravi,Mahabubabad,46.88180365992008
TSSD0271,Kusumanchi,Khammam,46.478208999954994
TSSD0272,Laxmanchanda,Nirmal,57.25051710886525
TSSD0273,Laxmidevipally,Bhadradri Kothagudem,44.46435239713069
TSSD0274,Lingalaghanpur,Jangoan,42.15485988347083
TSSD0275,Lingampet,Kamareddy,42.58273496959559
TSSD0276,Lingapur,Kumurambheem Asifabad,43.318787576511504
TSSD0277,Lokeshwaram,Nirmal,50.51446398567262
TSSD0278,Luxettipet,Mancherial,45.23172908699242
TSSD0279,Machareddy,Kamareddy,38.3599751718398
TSSD0280,Madanapur,Wanaparthy,41.174372369411195
TSSD0281,Maddirala,Suryapet,47.37836718723889
TSSD0282,Maddur,Narayanpet,41.52496782949229
TSSD0283,Maddur,Siddipet,40.713311357815385
TSSD0284,Madgul,Rangareddy,40.55597744186906
TSSD0285,Madhira,Khammam,47.877307600558176
TSSD0286,Madnur,Kamareddy,44.59445471826813
TSSD0287,Madugulapally,Nalgonda,43.38175004784841
TSSD0288,Maganoor,Narayanpet,38.13612592341217
TSSD0289,Mahabubabad,Mahabubabad,40.255871137422425
TSSD0290,Mahabubnagar_Urban,Mahabubnagar,45.16359976672473
TSSD0291,Mahadevpur,Jayashankar Bhupalpally,50.64106429811249
TSSD0292,Maheswaram,Rangareddy,37.73839003950952
TSSD0293,Makloor,Nizamabad,46.06564331596489
TSSD0294,Makthal,Narayanpet,39.85186594726496
TSSD0295,Maldakal,Jogulamba Gadwal,50.67473306864483
TSSD0296,Malharrao,Jayashankar Bhupalpally,48.65273488593653
TSSD0297,Malkajgiri,Medchal_Malkajgiri,42.47571503748674
TSSD0298,Mallapur,Jagtial,45.33723954563846
TSSD0299,Mallial,Jagtial,48.86687477106294
TSSD0300,Mamda,Nirmal,53.46506063098551
TSSD0301,Manakondur,Karimnagar,44.563520575346004
TSSD0302,Manchal,Rangareddy,46.07426474323756
TSSD0303,Mancherial,Mancherial,41.49840725731725
TSSD0304,Mandamarri,Mancherial,46.73783237212666
TSSD0305,Mangapet,Mulugu,55.179094901326664
TSSD0306,Manoor,Sangareddy,45.161367437018455
TSSD0307,Manopad,Jogulamba Gadwal,50.23898068911752
TSSD0308,Manthani,Peddapalli,56.49815808002126
TSSD0309,Manuguru,Bhadradri Kothagudem,57.78695473594247
TSSD0310,Maredpally,Hyderabad,46.16047990636214
TSSD0311,Marikal,Narayanpet,41.22306255874492
TSSD0312,Maripeda,Mahabubabad,47.67268198413646
TSSD0313,Markook,Siddipet,38.715664378868176
TSSD0314,Marpalle,Vikarabad,40.96508221099711
TSSD0315,Marriguda,Nalgonda,42.202377032257495
TSSD0316,Mattampalli,Suryapet,42.36757111673524
TSSD0317,Medak,Medak,39.682525927405806
TSSD0318,Medchal,Medchal_Malkajgiri,38.877691095628656
TSSD0319,Medipalle,Jagtial,48.76862288735861
TSSD0320,Medipally,Medchal_Malkajgiri,40.482310311971226
TSSD0321,Mellachervu,Suryapet,43.91097519412442
TSSD0322,Mendora,Nizamabad,65.02575167392051
TSSD0323,Metpalli,Jagtial,50.66851006645702
TSSD0324,Midjil,Mahabubnagar,47.61848043830542
TSSD0325,Mirdoddi,Siddipet,34.44766810656182
TSSD0326,Miryalaguda,Nalgonda,42.79987478482212
TSSD0327,Mogudampally,Sangareddy,40.281771189200455
TSSD0328,Mogullapally,Jayashankar Bhupalpally,47.637224887609726
TSSD0329,Moinabad,Rangareddy,41.60398250507162
TSSD0330,Mominpet,Vikarabad,41.52798229976608
TSSD0331,Moosapet,Mahabubnagar,39.767758688720185
TSSD0332,Morthad,Nizamabad,56.99589896585058
TSSD0333,Motakondur,Yadadri Bhuvanagiri,45.001562248621575
TSSD0334,Mothey,Suryapet,47.951087433706086
TSSD0335,Mothkur,Yadadri Bhuvanagiri,45.6306220688942
TSSD0336,Mudhole,Nirmal,43.622857749016205
TSSD0337,Mudigonda,Khammam,44.75307132124759
TSSD0338,Mugpal,Nizamabad,45.37199481284356
TSSD0339,Mulakalapally,Bhadradri Kothagudem,51.91906516738307
TSSD0340,Mulug,Mulugu,43.792184725927335
TSSD0341,Mulug,Siddipet,42.95249045954
TSSD0342,Munagala,Suryapet,43.49187742826229
TSSD0343,Munipally,Sangareddy,41.312297683615284
TSSD0344,Munugode,Nalgonda,43.83618780376834
TSSD0345,Mupkal,Nizamabad,59.01126247567583
TSSD0346,Musheerabad,Hyderabad,45.94135848315142
TSSD0347,Mustabad,Rajanna Sircilla,43.9846439031181
TSSD0348,Mutharam_Mahadevpur,Jayashankar Bhupalpally,64.40202543390217
TSSD0349,Mutharam_Manthani,Peddapalli,47.39609971174336
TSSD0350,Nadigudem,Suryapet,43.13001766037335
TSSD0351,Nagalgidda,Sangareddy,48.94684884974954
TSSD0352,Nagaram,Suryapet,43.68456855611843
TSSD0353,Nagi_Reddypet,Kamareddy,53.78531593559355
TSSD0354,Nakrekal,Nalgonda,47.21115335067469
TSSD0355,Nalgonda,Nalgonda,47.93776999099
TSSD0356,Nallabelli,Warangal_Rural,48.15855938313524
TSSD0357,Nampally,Hyderabad,43.822611497504774
TSSD0358,Nampally,Nalgonda,42.09464072698662
TSSD0359,Nandigama,Rangareddy,48.018173160889525
TSSD0360,Nandipet,Nizamabad,51.931658194899626
TSSD0361,Nangnoor,Siddipet,46.74176876347851
TSSD0362,Narayanapoor,Yadadri Bhuvanagiri,42.583339175398095
TSSD0363,Narayankhed,Sangareddy,39.953182498745704
TSSD0364,Narayanpet,Narayanpet,42.97258289634219
TSSD0365,Narketpally,Nalgonda,45.63689202843906
TSSD0366,Narmetta,Jangoan,38.78882171153806
TSSD0367,Narnoor,Adilabad,46.86387691338092
TSSD0368,Narsampet,Warangal_Rural,45.83168604882767
TSSD0369,Narsapur,Medak,36.650898667742716
TSSD0370,Narsapur_G,Nirmal,58.39279174098568
TSSD0371,Narsimhulapet,Mahabubabad,49.524000548440306
TSSD0372,Narsingi,Medak,40.57389953226772
TSSD0373,Narva,Narayanpet,41.26825992200115
TSSD0374,Naspur,Mancherial,48.61278738873281
TSSD0375,Nasurullabad,Kamareddy,43.713409180142385
TSSD0376,Navipet,Nizamabad,44.59528165734525
TSSD0377,Nawabpet,Mahabubnagar,31.896014089893633
TSSD0378,Nawabpet,Vikarabad,42.394181882133964
TSSD0379,Nekkonda,Warangal_Rural,45.615116421272305
TSSD0380,Nelakondapally,Khammam,42.91919707553467
TSSD0381,Nellikudur,Mahabubabad,49.31236364742872
TSSD0382,Nennel,Mancherial,47.613109250936986
TSSD0383,Neradigonda,Adilabad,59.41620699380507
TSSD0384,Nereducherla,Suryapet,43.64750483215976
TSSD0385,Neredugommu,Nalgonda,45.00151779868354
TSSD0386,Nidamanoor,Nalgonda,40.99821486894393
TSSD0387,Nirmal,Nirmal,56.58131613747007
TSSD0388,Nirmal Rural,Nirmal,56.191418699204
TSSD0389,Nizamabad North,Nizamabad,46.20415179105384
TSSD0390,Nizamabad Rural,Nizamabad,43.99499416030439
TSSD0391,Nizamabad South,Nizamabad,43.9345661435407
TSSD0392,Nizampet,Medak,38.70198056938872
TSSD0393,Nizamsagar,Kamareddy,42.83416672262008
TSSD0394,Noothankal,Suryapet,47.70917731578107
TSSD0395,Nyalkal,Sangareddy,43.02673487847294
TSSD0396,Odela,Peddapalli,49.654843700414354
TSSD0397,Padara,Nagarkurnool,48.976562927186656
TSSD0398,Palakeedu,Suryapet,42.14854070926275
TSSD0399,Palakurthy,Jangoan,44.37316469006492
TSSD0400,Palakurthy,Peddapalli,46.86749049364666
TSSD0401,Palmela,Jayashankar Bhupalpally,68.31228123048389
TSSD0402,Palvancha,Bhadradri Kothagudem,44.48207417888561
TSSD0403,Pangal,Wanaparthy,40.43693551187345
TSSD0404,Papannapet,Medak,46.92087000234705
TSSD0405,Pargi,Vikarabad,42.5889953050721
TSSD0406,Parkal,Warangal_Rural,47.32682453949686
TSSD0407,Parvathagiri,Warangal_Rural,49.18081019047714
TSSD0408,Patancheruvu,Sangareddy,39.71772217113915
TSSD0409,Pebbair,Wanaparthy,54.702110776416
TSSD0410,Peda Adisharla Palli,Nalgonda,43.392892211305345
TSSD0411,Pedda Kodapgal,Kamareddy,43.43297236671415
TSSD0412,Peddakothapalle,Nagarkurnool,35.595669550022706
TSSD0413,Peddamandaddi,Wanaparthy,41.302124082136764
TSSD0414,Peddapalli,Peddapalli,44.32271640164347
TSSD0415,Peddavangara,Mahabubabad,43.16676721288956
TSSD0416,Peddavoora,Nalgonda,45.1422907953919
TSSD0417,Peddemul,Vikarabad,35.56765465833614
TSSD0418,Pegadapalli,Jagtial,42.66387191879693
TSSD0419,Pembi,Nirmal,48.78739686991154
TSSD0420,Penchikalpet,Kumurambheem Asifabad,58.36268425967319
TSSD0421,Penpahad,Suryapet,44.109969448408165
TSSD0422,Pentlavelli,Nagarkurnool,63.35932420656095
TSSD0423,Penuballi,Khammam,33.94121758240994
TSSD0424,Pinapaka,Bhadradri Kothagudem,52.25893596757224
TSSD0425,Pudur,Vikarabad,43.72717147762623
TSSD0426,Pulkal,Sangareddy,43.05087339546858
TSSD0427,Quthbullapur,Medchal_Malkajgiri,39.97611554855338
TSSD0428,Raghunadhapalem,Khammam,53.42094935690408
TSSD0429,Ragunathpally,Jangoan,38.02361976217342
TSSD0430,Raikal,Jagtial,57.80605659403871
TSSD0431,Raikode,Sangareddy,42.34541045293787
TSSD0432,Raiparthy,Warangal_Rural,42.91576304028536
TSSD0433,Raipole,Siddipet,38.094124593805226
TSSD0434,Rajampet,Kamareddy,45.17163958592844
TSSD0435,Rajapeta,Yadadri Bhuvanagiri,46.150084653707125
TSSD0436,Rajapur,Mahabubnagar,35.932621208727426
TSSD0437,Rajendranagar,Rangareddy,42.02391883390472
TSSD0438,Rajoli,Jogulamba Gadwal,49.62051405013012
TSSD0439,Ramachandrapuram,Sangareddy,50.4753576892071
TSSD0440,Ramadugu,Karimnagar,44.86180455287735
TSSD0441,Ramagiri,Peddapalli,53.22892898461146
TSSD0442,Ramagundam,Peddapalli,55.7492420302256
TSSD0443,Ramannapet,Yadadri Bhuvanagiri,45.04522024018649
TSSD0444,Ramareddy,Kamareddy,39.554114650259514
TSSD0445,Ramayampet,Medak,39.3549109659278
TSSD0446,Rebbena,Kumurambheem Asifabad,51.221072406069325
TSSD0447,Regode,Medak,41.09382176928508
TSSD0448,Regonda,Jayashankar Bhupalpally,41.25358510304727
TSSD0449,Renjal,Nizamabad,50.225611042512675
TSSD0450,Revally,Wanaparthy,36.53670330915484
TSSD0451,Rudrangi,Rajanna Sircilla,47.63906123815435
TSSD0452,Rudrur,Nizamabad,43.6911545514764
TSSD0453,Sadashivnagar,Kamareddy,41.84120024569399
TSSD0454,Sadasivpet,Sangareddy,37.932816519019504
TSSD0455,Saidabad,Hyderabad,45.707322453044476
TSSD0456,Sangareddy,Sangareddy,46.88324297750841
TSSD0457,Sangem,Warangal_Rural,44.573952426444706
TSSD0458,Sarangapur,Jagtial,55.036756095224476
TSSD0459,Sarangapur,Nirmal,57.11873336480984
TSSD0460,Sathupally,Khammam,44.46701731669072
TSSD0461,Secunderabad,Hyderabad,49.51526273968148
TSSD0462,Serilingampalle,Rangareddy,43.73137959545625
TSSD0463,Shabad,Rangareddy,47.936509628736815
TSSD0464,Shaikpet,Hyderabad,53.56862356895315
TSSD0465,Shaligouraram,Nalgonda,43.44898582881557
TSSD0466,Shamirpet,Medchal_Malkajgiri,38.41471725927736
TSSD0467,Shamshabad,Rangareddy,38.33537409310063
TSSD0468,Shankarampet_A,Medak,43.450562244191325
TSSD0469,Shankarapatnam,Karimnagar,46.587072305063735
TSSD0470,Shankarpalle,Rangareddy,33.72372946864022
TSSD0471,Shayampet,Warangal_Rural,47.05443218117641
TSSD0472,Shivampet,Medak,36.91436731267847
TSSD0473,Siddipet_Rural,Siddipet,41.69052030999807
TSSD0474,Siddipet_Urban,Siddipet,45.216307249597875
TSSD0475,Singareni,Khammam,43.97752773491587
TSSD0476,Sircilla,Rajanna Sircilla,45.13125891306092
TSSD0477,Sirgapoor,Sangareddy,43.256121938855074
TSSD0478,Sirikonda,Adilabad,51.12102629071569
TSSD0479,Sirikonda,Nizamabad,47.19634883874409
TSSD0480,Sirpur_T,Kumurambheem Asifabad,49.50927714048517
TSSD0481,Sirpur_U,Kumurambheem Asifabad,53.30088993905183
TSSD0482,Soan,Nirmal,57.50180801574687
TSSD0483,Srirampur,Peddapalli,45.81466313627142
TSSD0484,Srirangapur,Wanaparthy,41.24441997365933
TSSD0485,Sujathanagar,Bhadradri Kothagudem,33.7607224882909
TSSD0486,Sultanabad,Peddapalli,42.73512137479973
TSSD0487,Suryapet,Suryapet,44.234914019601355
TSSD0488,Tadoor,Nagarkurnool,51.66230371823953
TSSD0489,Tadvai (Sammakka Sarakka),Mulugu,54.39914468699774
TSSD0490,Tadwai,Kamareddy,41.807289637004295
TSSD0491,Talakondapally,Rangareddy,36.633242773037374
TSSD0492,Talamadugu,Adilabad,52.02063428121854
TSSD0493,Tamsi,Adilabad,51.784086108947356
TSSD0494,Tandur,Mancherial,58.74387131534293
TSSD0495,Tandur,Vikarabad,42.25739578340394
TSSD0496,Tanoor,Nirmal,46.775242445168814
TSSD0497,Tekmal,Medak,38.9721434316259
TSSD0498,Tekulapalle,Bhadradri Kothagudem,44.47998789518088
TSSD0499,Tekumatla,Jayashankar Bhupalpally,48.93390904884085
TSSD0500,Telkapalle,Nagarkurnool,39.22108117236653
TSSD0501,Thallada,Khammam,51.184884141613836
TSSD0502,Thangallapalli,Rajanna Sircilla,46.70333287029537
TSSD0503,Tharigoppula,Jangoan,46.13320547968389
TSSD0504,Thimmajipeta,Nagarkurnool,42.40673355079811
TSSD0505,Thimmapur,Karimnagar,47.63362501471938
TSSD0506,Thoguta,Siddipet,37.83417768929541
TSSD0507,Thorrur,Mahabubabad,47.037873363273036
TSSD0508,Thungathurthy,Suryapet,46.70295525442528
TSSD0509,Tipparthy,Nalgonda,44.92966356374763
TSSD0510,Tirumalagiri,Suryapet,46.238565539544254
TSSD0511,Tirumalagiri_Sagar,Nalgonda,43.11352092312098
TSSD0512,Tirumalayapalem,Khammam,47.3068704999009
TSSD0513,Tirumalgiri,Hyderabad,46.97523771991057
TSSD0514,Tiryani,Kumurambheem Asifabad,50.14998327919033
TSSD0515,Tripuraram,Nalgonda,41.58644344824114
TSSD0516,Turkapalle_M,Yadadri Bhuvanagiri,34.56136565405335
TSSD0517,Undavelly,Jogulamba Gadwal,52.56791722564451
TSSD0518,Uppal,Medchal_Malkajgiri,41.63477497666088
TSSD0519,Uppunuthala,Nagarkurnool,48.15469605888153
TSSD0520,Urkonda,Nagarkurnool,49.68471862195717
TSSD0521,Utnur,Adilabad,43.398116556899566
TSSD0522,V_Saidapur,Karimnagar,48.91092172937137
TSSD0523,Vailpur,Nizamabad,48.96681633597532
TSSD0524,Valigonda,Yadadri Bhuvanagiri,44.63649999350423
TSSD0525,Vangoor,Nagarkurnool,48.744870130218764
TSSD0526,Varni,Nizamabad,41.684425971742996
TSSD0527,Vatpally,Sangareddy,51.23554398265772
TSSD0528,Veenavanka,Karimnagar,50.2395890324641
TSSD0529,Veernapalli,Rajanna Sircilla,47.74379574496275
TSSD0530,Velair,Warangal_Urban,45.47801429609676
TSSD0531,Veldanda,Nagarkurnool,49.253463725087066
TSSD0532,Velgatur,Jagtial,45.976445034634864
TSSD0533,Vemanpalle,Mancherial,46.09917286626101
TSSD0534,Vemsoor,Khammam,34.882519908937304
TSSD0535,Vemulapally,Nalgonda,42.63330313063998
TSSD0536,Vemulawada,Rajanna Sircilla,44.53260000801243
TSSD0537,Vemulawada Rural,Rajanna Sircilla,43.900599526178006
TSSD0538,Venkatapur,Mulugu,46.96647140750399
TSSD0539,Venkatapuram,Mulugu,61.15120931148223
TSSD0540,Vikarabad,Vikarabad,41.87567391343335
TSSD0541,Waddepally,Jogulamba Gadwal,50.74874104253793
TSSD0542,Wanaparthy,Wanaparthy,38.53433208673512
TSSD0543,Wankidi,Kumurambheem Asifabad,47.091705076471705
TSSD0544,Warangal,Warangal_Urban,52.10548962282042
TSSD0545,Wardhannapet,Warangal_Rural,43.05402878590201
TSSD0546,Wargal,Siddipet,43.94943700775736
TSSD0547,Weepangandla,Wanaparthy,48.771938102696794
TSSD0548,Wyra,Khammam,40.37360331462587
TSSD0549,Yacharam,Rangareddy,45.71681128135514
TSSD0550,Yadagirigutta,Yadadri Bhuvanagiri,39.80415390864077
TSSD0551,Yedapally,Nizamabad,42.370580005520374
TSSD0552,Yelal,Vikarabad,44.93404025232216
TSSD0553,Yeldurthy,Medak,38.73313223769159
TSSD0554,Yellandu,Bhadradri Kothagudem,44.71085426539409
TSSD0555,Yellareddy,Kamareddy,44.43694216698872
TSSD0556,Yellareddypet,Rajanna Sircilla,46.86801962155715
TSSD0557,Yergatla,Nizamabad,59.55468542411591
TSSD0558,Yerrupalem,Khammam,52.77600579852292
TSSD0559,Zaffergadh,Jangoan,43.87109685989402
TSSD0560,Zahirabad,Sangareddy,42.03536384999466
TSSD0561,Lingal,Nagarkurnool,49.15298170624295
TSSD0562,Nagar_Kurnool,Nagarkurnool,39.61094631650737
TSSD0563,Mahabubnagar_Rural,Mahabubnagar,38.33214927372581
TSSD0564,Utkoor,Narayanpet,45.85462343103283
TSSD0565,Saroornagar,Rangareddy,48.44833935513684
TSSD0566,Ameenpur,Sangareddy,38.04772720480262
TSSD0567,Jinnaram,Sangareddy,43.65554933322701
TSSD0568,Toopran,Medak,36.00430888184634
TSSD0569,Manoharabad,Medak,38.07659093141651
TSSD0570,Doultabad,Siddipet,35.791593032840716
TSSD0571,Chilipched,Medak,39.94743662547339
TSSD0572,Shankarampet_R,Medak,38.99434536000213
TSSD0573,Chegunta,Medak,36.12237777342588
TSSD0574,Domakonda,Kamareddy,36.26625069557653
TSSD0575,Pitlam,Kamareddy,41.642059963655264
TSSD0576,Bichkunda,Kamareddy,42.40168073820727
TSSD0577,Birkoor,Kamareddy,46.50099133924686
TSSD0578,Mavala,Adilabad,50.91657001814623
TSSD0579,Anthergaon,Peddapalli,46.087802921283476
TSSD0580,Wazeed,Mulugu,53.55517554296822
TSSD0581,Kammarpally,Nizamabad,50.375637876626435
TSSD0582,Kodakandla,Jangoan,45.25897877080092
TSSD0583,Krishna,Narayanpet,49.34810987706907
TSSD0584,Kotapalle,Mancherial,50.08315470719393
TSSD0585,Nadikuda,Warangal_Rural,49.54817980407708
TSSD0586,Muduchinthalaphally,Medchal_Malkajgiri,38.88479496781391
TSSD0587,Narayanraopet,Siddipet,45.62145596230681
TSSD0588,Mosra,Nizamabad,43.87992542123623
TSSD0589,Chandur,Nizamabad,42.854480045363346
TSSD0590,Chowtakur,Sangareddy,40.76774349552753
TSSD0591,Masaipet,Medak,34.05806693648706
TSSD0592,Dhoolumitta,Siddipet,45.3787001381731
